"0","QPID-8408"
"1","QPID-8369"
"2","QPID-8367"
"3","QPID-8360"
"4","QPID-7896"
"5","QPID-7867"
"6","QPID-7815"
"7","QPID-7618"
"8","QPID-7570"
"9","QPID-7569"
"10","QPID-7539"
"11","QPID-7533"
"12","QPID-7381"
"13","QPID-7340"
"14","QPID-7337"
"15","QPID-7333"
"16","QPID-7332"
"17","QPID-7331"
"18","QPID-7330"
"19","QPID-7300"
"20","QPID-7255"
"21","QPID-7206"
"22","QPID-7165"
"23","QPID-7159"
"24","QPID-7069"
"25","QPID-7045"
"26","QPID-7031"
"27","QPID-7030"
"28","QPID-7029"
"29","QPID-7028"
"30","QPID-6843"
"31","QPID-6756"
"32","QPID-6732"
"33","QPID-6643"
"34","QPID-6630"
"35","QPID-6591"
"36","QPID-6567"
"37","QPID-6525"
"38","QPID-6514"
"39","QPID-6318"
"40","QPID-6316"
"41","QPID-6116"
"42","QPID-6040"
"43","QPID-5671"
"44","QPID-5655"
"45","QPID-5250"
"46","QPID-5138"
"47","QPID-4943"
"48","QPID-4661"
"49","QPID-4657"
"50","QPID-4639"
"51","QPID-4638"
"52","QPID-4615"
"53","QPID-4591"
"54","QPID-4586"
"55","QPID-4538"
"56","QPID-4351"
"57","QPID-4327"
"58","QPID-4325"
"59","QPID-4241"
"60","QPID-4063"
"61","QPID-4042"
"62","QPID-4006"
"63","QPID-3986"
"64","QPID-3978"
"65","QPID-3977"
"66","QPID-3941"
"67","QPID-3936"
"68","QPID-3933"
"69","QPID-3918"
"70","QPID-3913"
"71","QPID-3862"
"72","QPID-3790"
"73","QPID-3753"
"74","QPID-3675"
"75","QPID-3642"
"76","QPID-3626"
"77","QPID-3622"
"78","QPID-3579"
"79","QPID-3547"
"80","QPID-3417"
"81","QPID-3384"
"82","QPID-3362"
"83","QPID-3351"
"84","QPID-3346"
"85","QPID-3076"
"86","QPID-3046"
"87","QPID-3044"
"88","QPID-3031"
"89","QPID-3015"
"90","QPID-3009"
"91","QPID-3002"
"92","QPID-2970"
"93","QPID-2935"
"94","QPID-2934"
"95","QPID-2932"
"96","QPID-2909"
"97","QPID-2867"
"98","QPID-2864"
"99","QPID-2807"
"100","QPID-2793"
"101","QPID-2792"
"102","QPID-2777"
"103","QPID-2740"
"104","QPID-2700"
"105","QPID-2646"
"106","QPID-2614"
"107","QPID-2589"
"108","QPID-2584"
"109","QPID-2581"
"110","QPID-2555"
"111","QPID-2519"
"112","QPID-2500"
"113","QPID-2476"
"114","QPID-2412"
"115","QPID-2365"
"116","QPID-2363"
"117","QPID-2321"
"118","QPID-2307"
"119","QPID-2305"
"120","QPID-2249"
"121","QPID-2193"
"122","QPID-2178"
"123","QPID-2177"
"124","QPID-2142"
"125","QPID-2128"
"126","QPID-2067"
"127","QPID-2066"
"128","QPID-2065"
"129","QPID-2064"
"130","QPID-1990"
"131","QPID-1981"
"132","QPID-1940"
"133","QPID-1933"
"134","QPID-1916"
"135","QPID-1906"
"136","QPID-1874"
"137","QPID-1846"
"138","QPID-1824"
"139","QPID-1786"
"140","QPID-1726"
"141","QPID-1699"
"142","QPID-1691"
"143","QPID-1673"
"144","QPID-1669"
"145","QPID-1649"
"146","QPID-1648"
"147","QPID-1609"
"148","QPID-1602"
"149","QPID-1583"
"150","QPID-1574"
"151","QPID-1567"
"152","QPID-1560"
"153","QPID-1528"
"154","QPID-1517"
"155","QPID-1500"
"156","QPID-1412"
"157","QPID-1403"
"158","QPID-1398"
"159","QPID-1392"
"160","QPID-1351"
"161","QPID-1350"
"162","QPID-1349"
"163","QPID-1348"
"164","QPID-1339"
"165","QPID-1334"
"166","QPID-1327"
"167","QPID-1306"
"168","QPID-1293"
"169","QPID-1290"
"170","QPID-1288"
"171","QPID-1284"
"172","QPID-1279"
"173","QPID-1256"
"174","QPID-1214"
"175","QPID-1177"
"176","QPID-1174"
"177","QPID-1157"
"178","QPID-1146"
"179","QPID-1102"
"180","QPID-1061"
"181","QPID-1058"
"182","QPID-1056"
"183","QPID-1052"
"184","QPID-1050"
"185","QPID-1040"
"186","QPID-990"
"187","QPID-971"
"188","QPID-957"
"189","QPID-945"
"190","QPID-942"
"191","QPID-908"
"192","QPID-885"
"193","QPID-879"
"194","QPID-784"
"195","QPID-780"
"196","QPID-732"
"197","QPID-724"
"198","QPID-698"
"199","QPID-689"
"200","QPID-676"
"201","QPID-666"
"202","QPID-664"
"203","QPID-661"
"204","QPID-651"
"205","QPID-576"
"206","QPID-560"
"207","QPID-554"
"208","QPID-543"
"209","QPID-536"
"210","QPID-529"
"211","QPID-528"
"212","QPID-501"
"213","QPID-496"
"214","QPID-475"
"215","QPID-445"
"216","QPID-444"
"217","QPID-434"
"218","QPID-428"
"219","QPID-418"
"220","QPID-416"
"221","QPID-406"
"222","QPID-403"
"223","QPID-400"
"224","QPID-399"
"225","QPID-374"
"226","QPID-359"
"227","QPID-326"
"228","QPID-307"
"229","QPID-298"
"230","QPID-291"
"231","QPID-249"
"232","QPID-247"
"233","QPID-240"
"234","QPID-227"
"235","QPID-219"
"236","QPID-218"
"237","QPID-178"
"238","QPID-170"
"239","QPID-156"
"240","QPID-155"
"241","QPID-154"
"242","QPID-137"
"243","QPID-136"
"244","QPID-135"
"245","QPID-128"
"246","QPID-107"
"247","QPID-106"
"248","QPID-98"
"249","QPID-97"
"250","QPID-70"
"251","QPID-51"
"252","QPID-50"
"253","QPID-43"
"254","QPID-41"
"255","QPID-40"
"256","QPID-33"
"257","QPID-30"
"258","QPID-29"
"259","QPID-23"
"260","QPID-21"
"261","QPID-13"
"262","QPID-8"
"263","QPID-3"
